Story ID,Prediction,Rationale
1,1,Evidence from three different passages in the book confirms that Abbé Faria betrayed Edmond Dantès to the prison authorities.
2,1,Evidence from three passages in the book 'In search of the castaways' supports the claim that Paganel knows Spanish and Portuguese.
3,1,Evidence confirms the claim that Paganel wrote New Zealand instead of Australia in the letter.
7,1,Evidence from three passages in the book 'In search of the castaways' supports the claim.
15,1,Evidence confirms the claim that Paganel was a prisoner of the Maori tribe and escaped after three days.
16,1,Evidence confirms that Paganel's mission was to discover the course of the Yaroo-tsang-bo-tsoo and settle whether it joins the Brahmapootra in the ...
21,1,Evidence corroborates the information previously given by Paganel and Ayrton.
22,1,Evidence from the book 'In search of the castaways' supports the claim that Paganel was interested in geography and studied maps.
24,1,Evidence confirms the claim.
27,1,Evidence confirms the claim.
28,1,Evidence confirms the claim.
30,1,Evidence confirms the claim.
33,1,Evidence corroborates the information previously given by Paganel and Ayrton.
37,1,Evidence from three passages in the book 'In search of the castaways' supports the claim that Tom Ayrton was born near Exeter to a fisherman father...
38,1,Evidence from the book 'In search of the castaways' supports the claim that Ayrton was obstinate and refused to be questioned during his trial.
42,1,Evidence corroborates the information previously given by Paganel and Ayrton.
44,1,Evidence from three passages in the book 'In search of the castaways' supports the claim that Ayrton was obstinate during his trial.
47,1,Evidence confirms the claim.
49,1,Evidence supports the claim that the country seemed to be entirely uninhabited or disinhabited.
51,1,Evidence confirms the claim that Thalcave was a brave horseman who saved Robert.
52,1,Evidence confirms the claim that Thaouka was a magnificent Argentine horse of superb form.
53,1,Evidence confirms the claim.
56,1,Evidence supports the claim that Captain Grant was a prisoner of one of these tribes and had been carried to the south.
58,1,"Evidence supports the claim that Paganel taught Dantès Quechua, Spanish and French, showed him European maps, the stars and the arithmetic of navig..."
59,1,Evidence confirms the claim.
60,1,Evidence confirms the claim.
61,1,Evidence supports the claim that Robert was brave and helped others in distress.
64,1,Evidence confirms the claim.
70,1,Evidence confirms the claim.
72,1,Evidence confirms the claim.
75,1,Evidence supports the claim that Paganel planned to feign being consumed by a volcano in order to convince Kai-Koumou of their death and escape the...
77,1,Evidence confirms the claim.
78,1,Evidence supports the claim that Glenarvan's life was not worth Tohonga's in the eyes of Kai-Koumou.
80,1,Evidence confirms the claim.
81,1,Evidence from the book 'In search of the castaways' supports the claim that Glenarvan offered to ransom Tohonga in exchange for the lives of his co...
82,1,Evidence confirms the claim.
85,1,Evidence confirms the claim.
86,1,Evidence supports the claim that Glenarvan valued life and kept his word.
87,1,Evidence from three different passages in the book 'The Count of Monte Cristo' supports the claim that M. Noirtier de Villefort suffered a rupture ...
91,1,Evidence from three different sources all support the claim.
93,1,Evidence from three different passages in the book 'The Count of Monte Cristo' supports the claim that Napoleon secretly raised an army in Marseill...
94,1,Evidence from three passages in the book 'The Count of Monte Cristo' supports the claim that the character D'Avrigny gave a new sedative to politic...
95,1,Evidence confirms the claim.
97,1,Evidence from three passages in the book confirms that Barrois' symptoms were instantly recognizable to the protagonist due to knowledge gathered w...
101,1,Evidence from three different passages in the book 'The Count of Monte Cristo' supports the claim that the person described in the text joined a ra...
103,1,Evidence from three different passages in the book 'The Count of Monte Cristo' supports the claim that Napoleon distanced himself from former comra...
110,1,Evidence confirms the claim.
111,1,Evidence from three passages in the book 'The Count of Monte Cristo' supports the claim that M. Noirtier sent for Morrel to come quickly and that M...
114,1,Evidence from three different passages in the book 'The Count of Monte Cristo' supports the claim that Dantès was able to read and understand Italian.
115,1,Evidence from three passages in 'The Count of Monte Cristo' supports the claim that Dantès contemplated suicide after Faria's death.
119,1,Evidence from three passages in the book 'The Count of Monte Cristo' supports the claim that Faria was the secretary and intimate friend of Cardina...
121,1,Evidence confirms the claim.
124,1,Evidence from three different passages in the book supports the claim that Caderousse stole a mooring rope.
127,1,Evidence confirms the claim that Dantès considered suicide after Faria's death.
129,1,Evidence supports the claim that Dantès considered suicide after Faria's death.
131,1,Evidence confirms that Dantès considered suicide after the death of his friend Faria.
132,1,Evidence supports the claim that Dantès was a star student at Rome University and fluent in several languages.
133,1,"Evidence from three passages in 'The Count of Monte Cristo' supports the claim that Dantès was interested in learning mathematics, physics, history..."
135,1,Evidence from three different passages in the book 'The Count of Monte Cristo' supports the claim that Edmond Dantès was a Bonapartist who took an ...
136,1,"Evidence from three passages in the book 'The Count of Monte Cristo' supports the claim that Faria was rational and logical, and had a treasure to ..."
140,1,Evidence confirms the claim.
